backend,fixture,repetition,input_fingerprint,erle_db,input_snr_db,output_snr_db,near_gain_db,alignment_samples,frame_p50_us,frame_p95_us,frame_p99_us,frame_max_us,realtime_factor
bypass,far_only_40ms,1,fnv1a64:528cb4555b45c297,0.000000,,,,,0.020,0.020,0.030,0.610,0.00000203
bypass,far_only_40ms,2,fnv1a64:528cb4555b45c297,0.000000,,,,,0.020,0.020,0.030,15.350,0.00000289
bypass,far_only_40ms,3,fnv1a64:528cb4555b45c297,0.000000,,,,,0.020,0.020,0.030,0.110,0.00000202
aec3-0.4.0,far_only_40ms,1,fnv1a64:528cb4555b45c297,42.415866,,,,,38.871,47.911,64.812,364.370,0.00374331
aec3-0.4.0,far_only_40ms,2,fnv1a64:528cb4555b45c297,42.415866,,,,,39.241,49.842,70.032,313.538,0.00379310
aec3-0.4.0,far_only_40ms,3,fnv1a64:528cb4555b45c297,42.415866,,,,,39.191,49.451,64.112,116.113,0.00374914
webrtc-2.1.0,far_only_40ms,1,fnv1a64:528cb4555b45c297,18.167163,,,,,29.640,35.511,49.861,105.863,0.00286483
webrtc-2.1.0,far_only_40ms,2,fnv1a64:528cb4555b45c297,18.167163,,,,,30.071,39.151,65.122,142.354,0.00295189
webrtc-2.1.0,far_only_40ms,3,fnv1a64:528cb4555b45c297,18.167163,,,,,29.771,36.301,49.832,108.212,0.00287333
bypass,far_only_160ms,1,fnv1a64:df50ddacbc709641,0.000000,,,,,0.020,0.020,0.030,0.390,0.00000203
bypass,far_only_160ms,2,fnv1a64:df50ddacbc709641,0.000000,,,,,0.020,0.020,0.030,0.390,0.00000205
bypass,far_only_160ms,3,fnv1a64:df50ddacbc709641,0.000000,,,,,0.020,0.020,0.030,0.070,0.00000204
aec3-0.4.0,far_only_160ms,1,fnv1a64:df50ddacbc709641,43.558877,,,,,38.761,45.641,61.891,114.943,0.00368728
aec3-0.4.0,far_only_160ms,2,fnv1a64:df50ddacbc709641,43.558877,,,,,38.721,45.431,63.201,166.234,0.00368539
aec3-0.4.0,far_only_160ms,3,fnv1a64:df50ddacbc709641,43.558877,,,,,39.201,56.042,122.923,419.891,0.00399145
webrtc-2.1.0,far_only_160ms,1,fnv1a64:df50ddacbc709641,18.223092,,,,,30.411,42.241,65.492,136.312,0.00300673
webrtc-2.1.0,far_only_160ms,2,fnv1a64:df50ddacbc709641,18.223092,,,,,29.770,35.811,52.122,311.138,0.00289344
webrtc-2.1.0,far_only_160ms,3,fnv1a64:df50ddacbc709641,18.223092,,,,,29.251,34.981,48.492,69.112,0.00283071
bypass,near_only,1,fnv1a64:c62e051188db2565,,327.826861,327.826861,0.000000,0,0.020,0.020,0.030,0.380,0.00000204
bypass,near_only,2,fnv1a64:c62e051188db2565,,327.826861,327.826861,0.000000,0,0.020,0.020,0.020,0.590,0.00000203
bypass,near_only,3,fnv1a64:c62e051188db2565,,327.826861,327.826861,0.000000,0,0.020,0.020,0.030,0.400,0.00000202
aec3-0.4.0,near_only,1,fnv1a64:c62e051188db2565,,327.826861,5.078526,-1.670397,123,29.711,32.531,47.991,69.682,0.00260821
aec3-0.4.0,near_only,2,fnv1a64:c62e051188db2565,,327.826861,5.078526,-1.670397,123,30.041,42.042,53.451,289.827,0.00278503
aec3-0.4.0,near_only,3,fnv1a64:c62e051188db2565,,327.826861,5.078526,-1.670397,123,29.960,34.301,49.751,128.668,0.00267052
webrtc-2.1.0,near_only,1,fnv1a64:c62e051188db2565,,327.826861,5.078525,-1.670397,123,19.731,22.380,36.241,105.493,0.00181915
webrtc-2.1.0,near_only,2,fnv1a64:c62e051188db2565,,327.826861,5.078525,-1.670397,123,19.670,21.081,32.691,86.263,0.00179026
webrtc-2.1.0,near_only,3,fnv1a64:c62e051188db2565,,327.826861,5.078525,-1.670397,123,19.641,20.871,35.991,127.095,0.00178944
bypass,double_talk_40ms,1,fnv1a64:82b8d50b553b6a0a,,6.282956,6.282956,-0.002762,0,0.020,0.020,0.030,0.370,0.00000205
bypass,double_talk_40ms,2,fnv1a64:82b8d50b553b6a0a,,6.282956,6.282956,-0.002762,0,0.020,0.020,0.030,0.440,0.00000204
bypass,double_talk_40ms,3,fnv1a64:82b8d50b553b6a0a,,6.282956,6.282956,-0.002762,0,0.020,0.020,0.030,0.710,0.00000206
aec3-0.4.0,double_talk_40ms,1,fnv1a64:82b8d50b553b6a0a,,6.282956,5.910856,-2.009073,123,38.921,49.401,62.431,94.352,0.00364740
aec3-0.4.0,double_talk_40ms,2,fnv1a64:82b8d50b553b6a0a,,6.282956,5.910856,-2.009073,123,38.881,45.541,59.651,188.875,0.00358753
aec3-0.4.0,double_talk_40ms,3,fnv1a64:82b8d50b553b6a0a,,6.282956,5.910856,-2.009073,123,39.061,45.892,62.252,193.171,0.00362790
webrtc-2.1.0,double_talk_40ms,1,fnv1a64:82b8d50b553b6a0a,,6.282956,5.272618,-1.987715,123,28.720,39.411,63.882,135.554,0.00284356
webrtc-2.1.0,double_talk_40ms,2,fnv1a64:82b8d50b553b6a0a,,6.282956,5.272618,-1.987715,123,28.291,35.141,48.191,76.852,0.00274114
webrtc-2.1.0,double_talk_40ms,3,fnv1a64:82b8d50b553b6a0a,,6.282956,5.272618,-1.987715,123,28.041,34.531,46.651,90.553,0.00271798
bypass,double_talk_160ms,1,fnv1a64:6d94dbeb6ce10f1a,,6.307975,6.307975,0.020530,0,0.020,0.020,0.030,0.400,0.00000203
bypass,double_talk_160ms,2,fnv1a64:6d94dbeb6ce10f1a,,6.307975,6.307975,0.020530,0,0.020,0.020,0.030,0.380,0.00000202
bypass,double_talk_160ms,3,fnv1a64:6d94dbeb6ce10f1a,,6.307975,6.307975,0.020530,0,0.020,0.020,0.030,0.980,0.00000205
aec3-0.4.0,double_talk_160ms,1,fnv1a64:6d94dbeb6ce10f1a,,6.307975,5.427638,-2.142259,123,38.861,45.651,63.252,100.402,0.00359748
aec3-0.4.0,double_talk_160ms,2,fnv1a64:6d94dbeb6ce10f1a,,6.307975,5.427638,-2.142259,123,38.521,44.782,58.981,91.922,0.00355925
aec3-0.4.0,double_talk_160ms,3,fnv1a64:6d94dbeb6ce10f1a,,6.307975,5.427638,-2.142259,123,40.081,62.252,73.342,107.003,0.00392887
webrtc-2.1.0,double_talk_160ms,1,fnv1a64:6d94dbeb6ce10f1a,,6.307975,4.916239,-2.259282,123,28.321,34.601,45.601,91.872,0.00272763
webrtc-2.1.0,double_talk_160ms,2,fnv1a64:6d94dbeb6ce10f1a,,6.307975,4.916239,-2.259282,123,28.480,34.851,58.942,119.773,0.00277559
webrtc-2.1.0,double_talk_160ms,3,fnv1a64:6d94dbeb6ce10f1a,,6.307975,4.916239,-2.259282,123,28.690,37.121,54.181,334.409,0.00284933
bypass,far_only_drift_plus31ppm,1,fnv1a64:26b5ed1c2b4794d5,0.000000,,,,,0.020,0.020,0.030,0.400,0.00000202
bypass,far_only_drift_plus31ppm,2,fnv1a64:26b5ed1c2b4794d5,0.000000,,,,,0.020,0.020,0.030,9.130,0.00000210
bypass,far_only_drift_plus31ppm,3,fnv1a64:26b5ed1c2b4794d5,0.000000,,,,,0.020,0.020,0.020,0.800,0.00000202
aec3-0.4.0,far_only_drift_plus31ppm,1,fnv1a64:26b5ed1c2b4794d5,27.745179,,,,,39.471,48.931,63.572,161.675,0.00377115
aec3-0.4.0,far_only_drift_plus31ppm,2,fnv1a64:26b5ed1c2b4794d5,27.745179,,,,,39.691,49.161,66.332,184.684,0.00380085
aec3-0.4.0,far_only_drift_plus31ppm,3,fnv1a64:26b5ed1c2b4794d5,27.745179,,,,,39.761,51.291,64.961,2538.114,0.00383598
webrtc-2.1.0,far_only_drift_plus31ppm,1,fnv1a64:26b5ed1c2b4794d5,10.967373,,,,,30.411,38.711,53.112,135.889,0.00292895
webrtc-2.1.0,far_only_drift_plus31ppm,2,fnv1a64:26b5ed1c2b4794d5,10.967373,,,,,30.671,42.711,54.031,114.973,0.00296788
webrtc-2.1.0,far_only_drift_plus31ppm,3,fnv1a64:26b5ed1c2b4794d5,10.967373,,,,,30.021,36.281,52.141,461.812,0.00289447
bypass,far_only_drift_minus31ppm,1,fnv1a64:1782754300ca25bb,0.000000,,,,,0.020,0.020,0.030,0.410,0.00000204
bypass,far_only_drift_minus31ppm,2,fnv1a64:1782754300ca25bb,0.000000,,,,,0.020,0.030,0.030,0.600,0.00000210
bypass,far_only_drift_minus31ppm,3,fnv1a64:1782754300ca25bb,0.000000,,,,,0.020,0.020,0.030,6.820,0.00000211
aec3-0.4.0,far_only_drift_minus31ppm,1,fnv1a64:1782754300ca25bb,29.296811,,,,,39.931,48.711,67.832,379.210,0.00382849
aec3-0.4.0,far_only_drift_minus31ppm,2,fnv1a64:1782754300ca25bb,29.296811,,,,,39.681,48.322,65.122,327.158,0.00378960
aec3-0.4.0,far_only_drift_minus31ppm,3,fnv1a64:1782754300ca25bb,29.296811,,,,,39.971,50.672,74.802,2338.979,0.00386660
webrtc-2.1.0,far_only_drift_minus31ppm,1,fnv1a64:1782754300ca25bb,10.784249,,,,,30.281,36.700,51.301,146.709,0.00291211
webrtc-2.1.0,far_only_drift_minus31ppm,2,fnv1a64:1782754300ca25bb,10.784249,,,,,30.810,40.591,54.781,336.469,0.00297743
webrtc-2.1.0,far_only_drift_minus31ppm,3,fnv1a64:1782754300ca25bb,10.784249,,,,,30.531,41.941,55.092,201.266,0.00294511
